[
{"carp_header":{"study_id":"Study_Merijn","device_role_name":"masterphone","trigger_id":"13","user_id":"2784","start_time":"2022-06-14T13:24:43.085421Z","data_format":{"namespace":"dk.cachet.carp","name":"device"}},"carp_body":{"id":"59f17fc0-ebe5-11ec-b883-310f7859fee0","timestamp":"2022-06-14T13:24:43.068835Z","platform":"Android","device_id":"SP1A.210812.016","hardware":"qcom","device_name":"r8q","device_manufacturer":"samsung","device_model":"SM-G780G","operating_system":"REL"}}
,
{"carp_header":{"study_id":"Study_Merijn","device_role_name":"masterphone","trigger_id":"3","user_id":"2784","start_time":"2022-06-14T13:24:43.161424Z","data_format":{"namespace":"dk.cachet.carp","name":"app_usage"}},"carp_body":{"id":"59ff8980-ebe5-11ec-a4b2-c7bd168c006a","timestamp":"2022-06-14T13:24:43.160154Z","start":"2022-06-14T12:51:11.247461Z","end":"2022-06-14T13:24:43.051015Z","usage":{"kuleuven":828,"chess":4,"fiverr":11,"launcher":6096,"spage":2,"android":8,"clockpackage":255,"discord":91,"maps":128,"googlequicksearchbox":13,"musically":804,"galaxyfinder":22,"skydrive":173,"permissioncontroller":1,"b2cmobapp":85,"katana":105,"calendar":462,"settings":234,"browser":546,"intelligence":8,"securesms":90,"outlook":18,"lool":156,"vending":175,"chrome":213,"youtube":1167,"authenticator":97,"frontpage":311,"music":157,"orca":166,"whatsapp":2053,"samsungapps":40,"shop":54,"gm":751,"coingeckoapp":29}}}
,
{"carp_header":{"study_id":"Study_Merijn","device_role_name":"masterphone","trigger_id":"18","user_id":"2784","start_time":"2022-06-14T13:24:43.365383Z","data_format":{"namespace":"dk.cachet.carp","name":"pedometer"}},"carp_body":{"id":"5a1ed150-ebe5-11ec-9655-7b0fb4a95a45","timestamp":"2022-06-14T13:24:43.365030Z","step_count":121854}}
,
{"carp_header":{"study_id":"Study_Merijn","device_role_name":"masterphone","trigger_id":"8","user_id":"2784","start_time":"2022-06-14T13:24:43.401021Z","data_format":{"namespace":"dk.cachet.carp","name":"connectivity"}},"carp_body":{"id":"5a242880-ebe5-11ec-bf85-31a5e2ab3d3a","timestamp":"2022-06-14T13:24:43.400558Z","connectivity_status":"mobile"}}
,
{"carp_header":{"study_id":"Study_Merijn","device_role_name":"masterphone","trigger_id":"1","user_id":"2784","start_time":"2022-06-14T13:24:43.759678Z","data_format":{"namespace":"dk.cachet.carp","name":"location"}},"carp_body":{"id":"5a5ac8e0-ebe5-11ec-95d2-5d18248245f7","timestamp":"2022-06-14T13:24:43.758857Z","time":"2022-06-14T15:16:14.416","latitude":51.0351981,"longitude":4.5048324,"altitude":50.900001525878906,"accuracy":11.892999649047852,"speed":0.0927848294377327,"speed_accuracy":0.0,"heading":212.4063720703125}}
,
{"carp_header":{"study_id":"Study_Merijn","device_role_name":"masterphone","trigger_id":"12","user_id":"2784","start_time":"2022-06-14T13:24:44.255608Z","data_format":{"namespace":"dk.cachet.carp","name":"weather"}},"carp_body":{"id":"5aa650d0-ebe5-11ec-9cbd-3f647d698bcf","timestamp":"2022-06-14T13:24:44.253669Z","country":"BE","area_name":"Pennepoel","weather_main":"Clear","weather_description":"clear sky","date":"2022-06-14T15:24:44.000","sunrise":"2022-06-14T05:27:01.000","sunset":"2022-06-14T21:57:33.000","latitude":51.0352,"longitude":4.5048,"pressure":1032.0,"wind_speed":3.09,"wind_degree":110.0,"humidity":47.0,"cloudiness":0.0,"temperature":22.0,"temp_min":20.05000000000001,"temp_max":23.920000000000016}}
,
{"carp_header":{"study_id":"Study_Merijn","device_role_name":"masterphone","trigger_id":"4","user_id":"2784","start_time":"2022-06-14T13:24:44.266228Z","data_format":{"namespace":"dk.cachet.carp","name":"calendar"}},"carp_body":{"id":"5aa82590-ebe5-11ec-865d-4dee085e541f","timestamp":"2022-06-14T13:24:44.265788Z","calendar_events":[{"event_id":"507","calendar_id":"5","title":"Leuven eten","description":"","start":"2022-06-15T10:00:00.000Z","end":"2022-06-15T11:00:00.000Z","all_day":false,"location":"","attendees":[]},{"event_id":"498","calendar_id":"5","title":"PraxisP","description":"","start":"2022-06-15T06:00:00.000Z","end":"2022-06-15T07:00:00.000Z","all_day":false,"location":"","attendees":[]},{"event_id":"488","calendar_id":"8","title":"Symposium","description":"Our symposium is planned for Tuesday, June 14th, at 10.15 CT (US), which is 17.15 CET here in Europe (https://web.cvent.com/event/b23e74ee-6515-4db9-b185-5bba806e80fa/websitePage:89a3abca-c1a9-4e9f-9757-67a8bbeda728<https://eur03.safelinks.protection.outlook.com/?url=https%3A%2F%2Fweb.cvent.com%2Fevent%2Fb23e74ee-6515-4db9-b185-5bba806e80fa%2FwebsitePage%3A89a3abca-c1a9-4e9f-9757-67a8bbeda728&data=05%7C01%7Cf.m.bos01%40umcg.nl%7Ced8fd56b8b754e5d3ca308da4403bd57%7C335122f9d4f44d67a2fccd6dc20dde70%7C0%7C0%7C637897080215360605%7CUnknown%7CTWFpbGZsb3d8eyJWIjoiMC4wLjAwMDAiLCJQIjoiV2luMzIiLCJBTiI6Ik1haWwiLCJXVCI6Mn0%3D%7C2000%7C%7C%7C&sdata=yWaAaSlcKjRCh7SBTPlSMtzMrr2mvDP9V5A6tO29IqU%3D&reserved=0>). We're with 5 presenters and have 90 minutes. Last year, Merijn and I had very good experiences with a relatively short presentation time and a longer discussion time at the end. Would you also be up for that?\n\n","start":"2022-06-14T15:00:00.000Z","end":"2022-06-14T16:30:00.000Z","all_day":false,"location":"","attendees":["Merijn Mestdagh"]},{"event_id":"430","calendar_id":"8","title":"TBM verdedigen","description":"\n","start":"2022-06-14T11:00:00.000Z","end":"2022-06-14T11:30:00.000Z","all_day":false,"location":"","attendees":["Merijn Mestdagh"]},{"event_id":"515","calendar_id":"8","title":"test Teams","description":"\n________________________________________________________________________________\nMicrosoft Teams meeting\nJoin on your computer or mobile app\nClick here to join the meeting<https://teams.microsoft.com/l/meetup-join/19%3ameeting_YmM3OTQyYmItY2RkOS00ZTZjLWEwYzctZjQ5MjhjNDVlMDFj%40thread.v2/0?context=%7b%22Tid%22%3a%223973589b-9e40-4eb5-800e-b0b6383d1621%22%2c%22Oid%22%3a%221c3d08c6-08f6-4997-9a9c-d5a8f3d2f491%22%7d>\nLearn More<https://aka.ms/JoinTeamsMeeting> | Help<https://admin.kuleuven.be/icts/services/teams> | Meeting options<https://teams.microsoft.com/meetingOptions/?organizerId=1c3d08c6-08f6-4997-9a9c-d5a8f3d2f491&tenantId=3973589b-9e40-4eb5-800e-b0b6383d1621&threadId=19_meeting_YmM3OTQyYmItY2RkOS00ZTZjLWEwYzctZjQ5MjhjNDVlMDFj@thread.v2&messageId=0&language=en-US>\n________________________________________________________________________________\n\n","start":"2022-06-14T10:30:00.000Z","end":"2022-06-14T11:00:00.000Z","all_day":false,"location":"Microsoft Teams Meeting","attendees":["Merijn Mestdagh","Annick Bogaerts"]},{"event_id":"480","calendar_id":"8","title":"TBM jury verdediging 13-13.10!!! Online, samen aan 1 scherm","description":"De meetingroom De Mooris  geboekt op 14 juni van 12u tot 14u. (https://gbiomed.kuleuven.be/apps/scheduler/chrometa/on1bis071065-demoor-meeting-room/)\n\nDe meetingroom kan u vinden in O&N1bis, op het 7e verdiep (lokaal 07.1065). Het kan bereikt worden via enerzijds O&N1 intern (doorsteek op het 7e verdiep mogelijk) of via je de straatkant; u komt het gebouw dan binnen op het 5e verdiep, maar er is wel badgetoegang om de lift te gebruiken. Ik heb een plannetje in bijlage doorgestuurd.\n\n","start":"2022-06-14T10:00:00.000Z","end":"2022-06-14T12:00:00.000Z","all_day":false,"location":"De Moor geboekt op 14 juni van 12u tot 14u. (https://gbiomed.kuleuven.be/apps/scheduler/chrometa/on1bis071065-demoor-meeting-room/)","attendees":["Annick Bogaerts","Katleen Van der Gucht","Merijn Mestdagh","Tessy Boedt","'Sarah Van Haeken'","Lieveke Ameye","'Roland Devlieger (roland.devlieger@uzleuven.be)'","Jan Seghers","'christophe.matthys@uzleuven.be'","Ameye Lieveke","Peter Kuppens","'Anne Groenen'"]},{"event_id":"164","calendar_id":"8","title":"Egon vertelt","description":"\n.........................................................................................................................................\nJoin Skype Meeting<https://meet.kuleuven.be/merijn.mestdagh/8V7Y6CLP>\nTrouble Joining? Try Skype Web App<https://meet.kuleuven.be/merijn.mestdagh/8V7Y6CLP?sl=1>\nJoin by phone\n\n+3216379898<tel:+3216379898> (Heverlee)                  Dutch (Netherlands)\n+3216379897<tel:+3216379897> (Heverlee)                  English (United States)\n\nFind a local number<https://lyncdialin.kuleuven.be>\n\nConference ID: 88232472\n Forgot your dial-in PIN?<https://lyncdialin.kuleuven.be> |Help<https://admin.kuleuven.be/icts/services/videoconferentie/SkypeViaVC>\n\n[https://admin.kuleuven.be/icts/services/skypevoorbedrijven/images/sfbmeetinginfojoinfromexternal.jpg][!OC([1033])!]\n.........................................................................................................................................\n\n","start":"2022-06-14T12:00:00.000Z","end":"2022-06-14T13:00:00.000Z","all_day":false,"location":"Skype Meeting","attendees":["Merijn Mestdagh","Egon Dejonckheere","Stijn Phd","Maarten Piot","Michelle Claessens"]},{"event_id":"155","calendar_id":"8","title":"Koen & Peter","description":"\n________________________________________________________________________________\nMicrosoft Teams meeting\nJoin on your computer or mobile app\nClick here to join the meeting<https://teams.microsoft.com/l/meetup-join/19%3ameeting_YzU2MDJkZmYtNTI4Yy00MmUzLTk2NjYtMDM5YzQyN2Q3NzJi%40thread.v2/0?context=%7b%22Tid%22%3a%223973589b-9e40-4eb5-800e-b0b6383d1621%22%2c%22Oid%22%3a%221c95586d-5408-4482-8eb8-d4ec6f7cfa9b%22%7d>\nLearn More<https://aka.ms/JoinTeamsMeeting> | Meeting options<https://teams.microsoft.com/meetingOptions/?organizerId=1c95586d-5408-4482-8eb8-d4ec6f7cfa9b&tenantId=3973589b-9e40-4eb5-800e-b0b6383d1621&threadId=19_meeting_YzU2MDJkZmYtNTI4Yy00MmUzLTk2NjYtMDM5YzQyN2Q3NzJi@thread.v2&messageId=0&language=en-US>\n________________________________________________________________________________\n\n","start":"2022-06-15T09:00:00.000Z","end":"2022-06-15T10:00:00.000Z","all_day":false,"location":"Microsoft Teams Meeting","attendees":["Koen Niemeijer","Peter Kuppens (peter.kuppens@kuleuven.be)","Merijn Mestdagh"]}]}}
,
{"carp_header":{"study_id":"Study_Merijn","device_role_name":"masterphone","trigger_id":"2","user_id":"2784","start_time":"2022-06-14T13:24:45.851461Z","data_format":{"namespace":"dk.cachet.carp","name":"apps"}},"carp_body":{"id":"5b99ffa0-ebe5-11ec-b824-a51137c6257b","timestamp":"2022-06-14T13:24:45.850520Z","installed_apps":["pCloud","CORE Festival","Fiverr","Docs","Vektor","Shazam","UGC Direct","LifeCity","Authenticator","Traffic Reply","Samsung Global Goals","bol.com","WhatsApp","IMDb","Decathlon","Authenticator","BackUp","Discord","ProtonMail","Voice Recorder","Chess Clock","CapCut","Splitwise","Lens","Vivino","Beobank","Galaxy Wearable","Reddit","Brave","Noona","CoinGecko","Instagram","Waze","Tips","BeReal","Pinterest","eduroamCAT","Signal","Outlook","Well@Home","ColorNote","The Ants","Twitter","Etsy","Drive","CovidSafe","Rail Planner","Twitch","Google TV","AR Emoji Editor","Keyboard Content Center","Gevoelsthermometer","TikTok","Photos","Spotify","Uber","Samsung Internet","Office","Facebook","Create movie","Galaxy Shop","Goodreads","m-Path Sense","Daily Workouts FREE","YT Kids","Airbnb","Messenger","DS Nieuws","CARP Mobile Sensing","2dehands","SmartThings","Calculator","Chess","Samsung Members","Samsung Health","BitPay","mobit","Xtra","Albert Heijn","Samsung Kids","Samsung Notes Add-ons","LinkedIn","Samsung Notes","Strava","Tumblr","Smart Switch","Binance","Home","Booking.com","itsme","SNCB","SoundCloud","Project Happy","DuckDuckGo","YouTube Music","VRT NWS","Tattou","Playtomic","Payconiq by Bancontact","mobileDNA","StuBru","EasyPark","Teams"]}}
,
