[
{"carp_header":{"study_id":"Study_Merijn","device_role_name":"masterphone","trigger_id":"13","user_id":"2784","start_time":"2022-06-15T06:59:55.090731Z","data_format":{"namespace":"dk.cachet.carp","name":"device"}},"carp_body":{"id":"c2d6a400-ec78-11ec-8820-abae8abf4d9f","timestamp":"2022-06-15T06:59:55.071497Z","platform":"Android","device_id":"SP1A.210812.016","hardware":"qcom","device_name":"r8q","device_manufacturer":"samsung","device_model":"SM-G780G","operating_system":"REL"}}
,
{"carp_header":{"study_id":"Study_Merijn","device_role_name":"masterphone","trigger_id":"3","user_id":"2784","start_time":"2022-06-15T06:59:55.189817Z","data_format":{"namespace":"dk.cachet.carp","name":"app_usage"}},"carp_body":{"id":"c2e87e50-ec78-11ec-a606-03ffb87313c1","timestamp":"2022-06-15T06:59:55.188965Z","start":"2022-06-14T23:16:39.831553Z","end":"2022-06-15T06:59:55.057422Z","usage":{"kuleuven":77,"launcher":921,"android":213,"clockpackage":1511,"musically":3,"galaxyfinder":5,"incallui":174,"calendar":18,"securesms":35,"youtube":222,"dialer":9,"orca":23,"whatsapp":568,"app":178,"gm":33}}}
,
{"carp_header":{"study_id":"Study_Merijn","device_role_name":"masterphone","trigger_id":"18","user_id":"2784","start_time":"2022-06-15T06:59:55.655476Z","data_format":{"namespace":"dk.cachet.carp","name":"pedometer"}},"carp_body":{"id":"c32f9970-ec78-11ec-baa0-4f1ef061b42f","timestamp":"2022-06-15T06:59:55.655047Z","step_count":123347}}
,
{"carp_header":{"study_id":"Study_Merijn","device_role_name":"masterphone","trigger_id":"8","user_id":"2784","start_time":"2022-06-15T06:59:55.679417Z","data_format":{"namespace":"dk.cachet.carp","name":"connectivity"}},"carp_body":{"id":"c33342f0-ec78-11ec-bbed-8197a87fd826","timestamp":"2022-06-15T06:59:55.678921Z","connectivity_status":"mobile"}}
,
{"carp_header":{"study_id":"Study_Merijn","device_role_name":"masterphone","trigger_id":"1","user_id":"2784","start_time":"2022-06-15T06:59:56.009942Z","data_format":{"namespace":"dk.cachet.carp","name":"location"}},"carp_body":{"id":"c3657680-ec78-11ec-a182-cb9532e04b02","timestamp":"2022-06-15T06:59:56.008306Z","time":"2022-06-15T08:30:48.694","latitude":51.0351943,"longitude":4.5048351,"altitude":51.0,"accuracy":13.8100004196167,"speed":0.0,"speed_accuracy":0.0,"heading":0.0}}
,
{"carp_header":{"study_id":"Study_Merijn","device_role_name":"masterphone","trigger_id":"4","user_id":"2784","start_time":"2022-06-15T06:59:56.552038Z","data_format":{"namespace":"dk.cachet.carp","name":"calendar"}},"carp_body":{"id":"c3b85170-ec78-11ec-a83b-b344b22f6b6d","timestamp":"2022-06-15T06:59:56.551519Z","calendar_events":[{"event_id":"507","calendar_id":"5","title":"Leuven eten","description":"","start":"2022-06-15T10:00:00.000Z","end":"2022-06-15T11:00:00.000Z","all_day":false,"location":"","attendees":[]},{"event_id":"498","calendar_id":"5","title":"PraxisP","description":"","start":"2022-06-15T06:00:00.000Z","end":"2022-06-15T07:00:00.000Z","all_day":false,"location":"","attendees":[]},{"event_id":"488","calendar_id":"8","title":"Symposium","description":"Our symposium is planned for Tuesday, June 14th, at 10.15 CT (US), which is 17.15 CET here in Europe (https://web.cvent.com/event/b23e74ee-6515-4db9-b185-5bba806e80fa/websitePage:89a3abca-c1a9-4e9f-9757-67a8bbeda728<https://eur03.safelinks.protection.outlook.com/?url=https%3A%2F%2Fweb.cvent.com%2Fevent%2Fb23e74ee-6515-4db9-b185-5bba806e80fa%2FwebsitePage%3A89a3abca-c1a9-4e9f-9757-67a8bbeda728&data=05%7C01%7Cf.m.bos01%40umcg.nl%7Ced8fd56b8b754e5d3ca308da4403bd57%7C335122f9d4f44d67a2fccd6dc20dde70%7C0%7C0%7C637897080215360605%7CUnknown%7CTWFpbGZsb3d8eyJWIjoiMC4wLjAwMDAiLCJQIjoiV2luMzIiLCJBTiI6Ik1haWwiLCJXVCI6Mn0%3D%7C2000%7C%7C%7C&sdata=yWaAaSlcKjRCh7SBTPlSMtzMrr2mvDP9V5A6tO29IqU%3D&reserved=0>). We're with 5 presenters and have 90 minutes. Last year, Merijn and I had very good experiences with a relatively short presentation time and a longer discussion time at the end. Would you also be up for that?\n\n","start":"2022-06-14T15:00:00.000Z","end":"2022-06-14T16:30:00.000Z","all_day":false,"location":"","attendees":["Merijn Mestdagh"]},{"event_id":"430","calendar_id":"8","title":"TBM verdedigen","description":"\n","start":"2022-06-14T11:00:00.000Z","end":"2022-06-14T11:30:00.000Z","all_day":false,"location":"","attendees":["Merijn Mestdagh"]},{"event_id":"515","calendar_id":"8","title":"test Teams","description":"\n________________________________________________________________________________\nMicrosoft Teams meeting\nJoin on your computer or mobile app\nClick here to join the meeting<https://teams.microsoft.com/l/meetup-join/19%3ameeting_YmM3OTQyYmItY2RkOS00ZTZjLWEwYzctZjQ5MjhjNDVlMDFj%40thread.v2/0?context=%7b%22Tid%22%3a%223973589b-9e40-4eb5-800e-b0b6383d1621%22%2c%22Oid%22%3a%221c3d08c6-08f6-4997-9a9c-d5a8f3d2f491%22%7d>\nLearn More<https://aka.ms/JoinTeamsMeeting> | Help<https://admin.kuleuven.be/icts/services/teams> | Meeting options<https://teams.microsoft.com/meetingOptions/?organizerId=1c3d08c6-08f6-4997-9a9c-d5a8f3d2f491&tenantId=3973589b-9e40-4eb5-800e-b0b6383d1621&threadId=19_meeting_YmM3OTQyYmItY2RkOS00ZTZjLWEwYzctZjQ5MjhjNDVlMDFj@thread.v2&messageId=0&language=en-US>\n________________________________________________________________________________\n\n","start":"2022-06-14T10:30:00.000Z","end":"2022-06-14T11:00:00.000Z","all_day":false,"location":"Microsoft Teams Meeting","attendees":["Merijn Mestdagh","Annick Bogaerts"]},{"event_id":"480","calendar_id":"8","title":"TBM jury verdediging 13-13.10!!! Online, samen aan 1 scherm","description":"De meetingroom De Mooris  geboekt op 14 juni van 12u tot 14u. (https://gbiomed.kuleuven.be/apps/scheduler/chrometa/on1bis071065-demoor-meeting-room/)\n\nDe meetingroom kan u vinden in O&N1bis, op het 7e verdiep (lokaal 07.1065). Het kan bereikt worden via enerzijds O&N1 intern (doorsteek op het 7e verdiep mogelijk) of via je de straatkant; u komt het gebouw dan binnen op het 5e verdiep, maar er is wel badgetoegang om de lift te gebruiken. Ik heb een plannetje in bijlage doorgestuurd.\n\n","start":"2022-06-14T10:00:00.000Z","end":"2022-06-14T12:00:00.000Z","all_day":false,"location":"De Moor geboekt op 14 juni van 12u tot 14u. (https://gbiomed.kuleuven.be/apps/scheduler/chrometa/on1bis071065-demoor-meeting-room/)","attendees":["Annick Bogaerts","Katleen Van der Gucht","Merijn Mestdagh","Tessy Boedt","'Sarah Van Haeken'","Lieveke Ameye","'Roland Devlieger (roland.devlieger@uzleuven.be)'","Jan Seghers","'christophe.matthys@uzleuven.be'","Ameye Lieveke","Peter Kuppens","'Anne Groenen'"]},{"event_id":"164","calendar_id":"8","title":"Egon vertelt","description":"\n.........................................................................................................................................\nJoin Skype Meeting<https://meet.kuleuven.be/merijn.mestdagh/8V7Y6CLP>\nTrouble Joining? Try Skype Web App<https://meet.kuleuven.be/merijn.mestdagh/8V7Y6CLP?sl=1>\nJoin by phone\n\n+3216379898<tel:+3216379898> (Heverlee)                  Dutch (Netherlands)\n+3216379897<tel:+3216379897> (Heverlee)                  English (United States)\n\nFind a local number<https://lyncdialin.kuleuven.be>\n\nConference ID: 88232472\n Forgot your dial-in PIN?<https://lyncdialin.kuleuven.be> |Help<https://admin.kuleuven.be/icts/services/videoconferentie/SkypeViaVC>\n\n[https://admin.kuleuven.be/icts/services/skypevoorbedrijven/images/sfbmeetinginfojoinfromexternal.jpg][!OC([1033])!]\n.........................................................................................................................................\n\n","start":"2022-06-14T12:00:00.000Z","end":"2022-06-14T13:00:00.000Z","all_day":false,"location":"Skype Meeting","attendees":["Merijn Mestdagh","Egon Dejonckheere","Stijn Phd","Maarten Piot","Michelle Claessens"]},{"event_id":"155","calendar_id":"8","title":"Koen & Peter","description":"\n________________________________________________________________________________\nMicrosoft Teams meeting\nJoin on your computer or mobile app\nClick here to join the meeting<https://teams.microsoft.com/l/meetup-join/19%3ameeting_YzU2MDJkZmYtNTI4Yy00MmUzLTk2NjYtMDM5YzQyN2Q3NzJi%40thread.v2/0?context=%7b%22Tid%22%3a%223973589b-9e40-4eb5-800e-b0b6383d1621%22%2c%22Oid%22%3a%221c95586d-5408-4482-8eb8-d4ec6f7cfa9b%22%7d>\nLearn More<https://aka.ms/JoinTeamsMeeting> | Meeting options<https://teams.microsoft.com/meetingOptions/?organizerId=1c95586d-5408-4482-8eb8-d4ec6f7cfa9b&tenantId=3973589b-9e40-4eb5-800e-b0b6383d1621&threadId=19_meeting_YzU2MDJkZmYtNTI4Yy00MmUzLTk2NjYtMDM5YzQyN2Q3NzJi@thread.v2&messageId=0&language=en-US>\n________________________________________________________________________________\n\n","start":"2022-06-15T09:00:00.000Z","end":"2022-06-15T10:00:00.000Z","all_day":false,"location":"Microsoft Teams Meeting","attendees":["Koen Niemeijer","Peter Kuppens (peter.kuppens@kuleuven.be)","Merijn Mestdagh"]}]}}
,
{"carp_header":{"study_id":"Study_Merijn","device_role_name":"masterphone","trigger_id":"12","user_id":"2784","start_time":"2022-06-15T06:59:56.567180Z","data_format":{"namespace":"dk.cachet.carp","name":"weather"}},"carp_body":{"id":"c3ba4d40-ec78-11ec-8090-f561b4b175c5","timestamp":"2022-06-15T06:59:56.564574Z","country":"BE","area_name":"Pennepoel","weather_main":"Clear","weather_description":"clear sky","date":"2022-06-15T08:59:56.000","sunrise":"2022-06-15T05:26:53.000","sunset":"2022-06-15T21:58:05.000","latitude":51.0352,"longitude":4.5048,"pressure":1037.0,"wind_speed":2.06,"wind_degree":70.0,"humidity":69.0,"cloudiness":0.0,"temperature":16.980000000000018,"temp_min":15.590000000000032,"temp_max":19.450000000000045}}
,
{"carp_header":{"study_id":"Study_Merijn","device_role_name":"masterphone","trigger_id":"2","user_id":"2784","start_time":"2022-06-15T06:59:57.873723Z","data_format":{"namespace":"dk.cachet.carp","name":"apps"}},"carp_body":{"id":"c481e300-ec78-11ec-a217-89d6c07d7bdf","timestamp":"2022-06-15T06:59:57.872776Z","installed_apps":["pCloud","CORE Festival","Fiverr","Docs","Vektor","Shazam","UGC Direct","LifeCity","Authenticator","Traffic Reply","Samsung Global Goals","bol.com","WhatsApp","IMDb","Decathlon","Authenticator","BackUp","Discord","ProtonMail","Voice Recorder","Chess Clock","CapCut","Splitwise","Lens","Vivino","Beobank","Galaxy Wearable","Reddit","Brave","Noona","CoinGecko","Instagram","Waze","Tips","BeReal","Pinterest","eduroamCAT","Signal","Outlook","Well@Home","ColorNote","The Ants","Twitter","Etsy","Drive","CovidSafe","Rail Planner","Twitch","Google TV","AR Emoji Editor","Keyboard Content Center","Gevoelsthermometer","TikTok","Photos","Spotify","Uber","Samsung Internet","Office","Facebook","Create movie","Galaxy Shop","Goodreads","m-Path Sense","Daily Workouts FREE","YT Kids","Airbnb","Messenger","DS Nieuws","CARP Mobile Sensing","2dehands","SmartThings","Calculator","Chess","Samsung Members","Samsung Health","BitPay","mobit","Xtra","Albert Heijn","Samsung Kids","Samsung Notes Add-ons","LinkedIn","Samsung Notes","Strava","Tumblr","Smart Switch","Binance","Home","Booking.com","itsme","SNCB","SoundCloud","Project Happy","DuckDuckGo","YouTube Music","VRT NWS","Tattou","Playtomic","Payconiq by Bancontact","mobileDNA","StuBru","EasyPark","Teams"]}}
,
{"carp_header":{"study_id":"Study_Merijn","device_role_name":"masterphone","trigger_id":"10","user_id":"2784","start_time":"2022-06-15T06:59:59.817811Z","data_format":{"namespace":"dk.cachet.carp","name":"activity"}},"carp_body":{"id":"c5aa8480-ec78-11ec-9dbe-e70764b1e5fd","timestamp":"2022-06-15T06:59:59.816558Z","confidence":100,"type":"STILL"}}
,
{"carp_header":{"study_id":"Study_Merijn","device_role_name":"masterphone","trigger_id":"15","user_id":"2784","start_time":"2022-06-15T07:00:00.072649Z","data_format":{"namespace":"dk.cachet.carp","name":"screen"}},"carp_body":{"id":"c5d16d70-ec78-11ec-87aa-91e273adcbfe","timestamp":"2022-06-15T07:00:00.071174Z","screen_event":"SCREEN_OFF"}}
,
{"carp_header":{"study_id":"Study_Merijn","device_role_name":"masterphone","trigger_id":"1","user_id":"2784","start_time":"2022-06-15T07:00:21.704257Z","data_format":{"namespace":"dk.cachet.carp","name":"location"}},"carp_body":{"id":"d2b63570-ec78-11ec-bae7-497a6d7fbe6b","timestamp":"2022-06-15T07:00:21.703434Z","time":"2022-06-15T09:00:22.000","latitude":51.0352404,"longitude":4.5048508,"altitude":51.0,"accuracy":44.8489990234375,"speed":0.0,"speed_accuracy":2.192373037338257,"heading":0.0}}
,
{"carp_header":{"study_id":"Study_Merijn","device_role_name":"masterphone","trigger_id":"0","user_id":"2784","start_time":"2022-06-15T07:01:18.004110Z","data_format":{"namespace":"dk.cachet.carp","name":"accelerometer"}},"carp_body":{"id":"ef68b490-ec78-11ec-bc6d-c757b05e2e7a","timestamp":"2022-06-15T07:01:09.849482Z","data":[{"timestamp":"2022-06-15T07:01:09.954731Z","x":-1.4973087310791016,"y":-2.742473840713501,"z":9.377172470092773},{"timestamp":"2022-06-15T07:01:10.149075Z","x":-1.4970096349716187,"y":-2.74546480178833,"z":9.362217903137207},{"timestamp":"2022-06-15T07:01:10.348200Z","x":-1.4994025230407715,"y":-2.743072032928467,"z":9.385248184204102},{"timestamp":"2022-06-15T07:01:10.547329Z","x":-1.4988043308258057,"y":-2.7472596168518066,"z":9.358628273010254},{"timestamp":"2022-06-15T07:01:10.745801Z","x":-1.4982060194015503,"y":-2.741875648498535,"z":9.357730865478516},{"timestamp":"2022-06-15T07:01:10.945728Z","x":-1.4994025230407715,"y":-2.7415764331817627,"z":9.362815856933594},{"timestamp":"2022-06-15T07:01:11.144543Z","x":-1.4982060194015503,"y":-2.7385854721069336,"z":9.367003440856934},{"timestamp":"2022-06-15T07:01:11.344009Z","x":-1.4973087310791016,"y":-2.7412774562835693,"z":9.35922622680664},{"timestamp":"2022-06-15T07:01:13.700862Z","x":-1.49611234664917,"y":-2.7427730560302734,"z":9.370293617248535},{"timestamp":"2022-06-15T07:01:13.704174Z","x":-1.49611234664917,"y":-2.7412774562835693,"z":9.360123634338379},{"timestamp":"2022-06-15T07:01:13.710502Z","x":-1.4973087310791016,"y":-2.74546480178833,"z":9.354740142822266},{"timestamp":"2022-06-15T07:01:13.732211Z","x":-1.4982060194015503,"y":-2.746062994003296,"z":9.35922622680664},{"timestamp":"2022-06-15T07:01:13.750031Z","x":-1.4970096349716187,"y":-2.743072032928467,"z":9.364012718200684},{"timestamp":"2022-06-15T07:01:13.759015Z","x":-1.4982060194015503,"y":-2.740978240966797,"z":9.355637550354004},{"timestamp":"2022-06-15T07:01:13.774692Z","x":-1.4979069232940674,"y":-2.742473840713501,"z":9.35623550415039},{"timestamp":"2022-06-15T07:01:13.778002Z","x":-1.4976078271865845,"y":-2.7406792640686035,"z":9.347262382507324},{"timestamp":"2022-06-15T07:01:13.784220Z","x":-1.4970096349716187,"y":-2.7421748638153076,"z":9.356833457946777},{"timestamp":"2022-06-15T07:01:13.806533Z","x":-1.4973087310791016,"y":-2.7457640171051025,"z":9.35324478149414},{"timestamp":"2022-06-15T07:01:13.811934Z","x":-1.4979069232940674,"y":-2.7421748638153076,"z":9.351749420166016},{"timestamp":"2022-06-15T07:01:13.838471Z","x":-1.4979069232940674,"y":-2.742473840713501,"z":9.349356651306152},{"timestamp":"2022-06-15T07:01:13.940228Z","x":-1.4970096349716187,"y":-2.7421748638153076,"z":9.34157943725586},{"timestamp":"2022-06-15T07:01:14.134845Z","x":-1.4973087310791016,"y":-2.7463622093200684,"z":9.352347373962402},{"timestamp":"2022-06-15T07:01:14.343934Z","x":-1.4988043308258057,"y":-2.741875648498535,"z":9.358628273010254},{"timestamp":"2022-06-15T07:01:14.535352Z","x":-1.4979069232940674,"y":-2.7433712482452393,"z":9.351749420166016}]}}
,
{"carp_header":{"study_id":"Study_Merijn","device_role_name":"masterphone","trigger_id":"16","user_id":"2784","start_time":"2022-06-15T07:01:18.135009Z","data_format":{"namespace":"dk.cachet.carp","name":"gyroscope"}},"carp_body":{"id":"ef6ef620-ec78-11ec-81af-173e942cd031","timestamp":"2022-06-15T07:01:09.890136Z","data":[{"timestamp":"2022-06-15T07:01:10.153005Z","x":0.000687203137204051,"y":-0.00007635590736754239,"z":-0.0006108472589403391},{"timestamp":"2022-06-15T07:01:10.348727Z","x":-0.0009162708884105086,"y":-0.0014507622690871358,"z":-0.00038177953683771193},{"timestamp":"2022-06-15T07:01:10.547823Z","x":-0.00015271181473508477,"y":0.0012216945178806782,"z":-0.00022906772210262716},{"timestamp":"2022-06-15T07:01:10.744465Z","x":-0.0,"y":0.0004581354442052543,"z":-0.00030542362947016954},{"timestamp":"2022-06-15T07:01:10.945258Z","x":0.0015271181473508477,"y":0.0017561858985573053,"z":-0.00030542362947016954},{"timestamp":"2022-06-15T07:01:11.145045Z","x":-0.0028251686599105597,"y":-0.002748812548816204,"z":-0.00007635590736754239},{"timestamp":"2022-06-15T07:01:11.344608Z","x":-0.0029778804164379835,"y":-0.0016798300202935934,"z":0.00007635590736754239},{"timestamp":"2022-06-15T07:01:13.701196Z","x":0.0019088976550847292,"y":-0.00015271181473508477,"z":-0.0004581354442052543},{"timestamp":"2022-06-15T07:01:13.704887Z","x":-0.0018325417768210173,"y":-0.001985253533348441,"z":0.00007635590736754239},{"timestamp":"2022-06-15T07:01:13.711456Z","x":-0.0006108472589403391,"y":-0.00038177953683771193,"z":-0.0},{"timestamp":"2022-06-15T07:01:13.732839Z","x":-0.00022906772210262716,"y":-0.0014507622690871358,"z":-0.0004581354442052543},{"timestamp":"2022-06-15T07:01:13.750589Z","x":0.0005344913806766272,"y":0.0022143214009702206,"z":-0.00007635590736754239},{"timestamp":"2022-06-15T07:01:13.759651Z","x":-0.00038177953683771193,"y":0.00015271181473508477,"z":0.0},{"timestamp":"2022-06-15T07:01:13.775292Z","x":-0.0025197449140250683,"y":-0.0009162708884105086,"z":0.00015271181473508477},{"timestamp":"2022-06-15T07:01:13.780281Z","x":-0.00022906772210262716,"y":-0.0009926267666742206,"z":-0.00015271181473508477},{"timestamp":"2022-06-15T07:01:13.785506Z","x":-0.000687203137204051,"y":-0.0017561858985573053,"z":0.00015271181473508477},{"timestamp":"2022-06-15T07:01:13.807369Z","x":-0.0006108472589403391,"y":-0.0005344913806766272,"z":-0.00007635590736754239},{"timestamp":"2022-06-15T07:01:13.812547Z","x":-0.0021379655227065086,"y":-0.001374406274408102,"z":0.00015271181473508477},{"timestamp":"2022-06-15T07:01:13.839342Z","x":-0.0009162708884105086,"y":-0.0017561858985573053,"z":0.00007635590736754239},{"timestamp":"2022-06-15T07:01:13.951350Z","x":0.0015271181473508477,"y":0.0019088976550847292,"z":-0.00007635590736754239},{"timestamp":"2022-06-15T07:01:14.135355Z","x":-0.00030542362947016954,"y":-0.0008399150101467967,"z":-0.00007635590736754239},{"timestamp":"2022-06-15T07:01:14.340184Z","x":-0.0010689827613532543,"y":-0.0011453386396169662,"z":0.00007635590736754239},{"timestamp":"2022-06-15T07:01:14.536009Z","x":0.0007635590736754239,"y":-0.000687203137204051,"z":-0.00038177953683771193}]}}
,
{"carp_header":{"study_id":"Study_Merijn","device_role_name":"masterphone","trigger_id":"17","user_id":"2784","start_time":"2022-06-15T07:01:18.145343Z","data_format":{"namespace":"dk.cachet.carp","name":"light"}},"carp_body":{"id":"f4431370-ec78-11ec-907c-d3558088e22d","timestamp":"2022-06-15T07:01:17.990982Z","mean_lux":0.0,"std_lux":0.0,"min_lux":0,"max_lux":0}}
,
