[
{"carp_header":{"study_id":"Study_Merijn","device_role_name":"masterphone","trigger_id":"18","user_id":"2784","start_time":"2022-06-14T09:55:15.120536Z","data_format":{"namespace":"dk.cachet.carp","name":"pedometer"}},"carp_body":{"id":"16dcd300-ebc8-11ec-be97-d960af6b6009","timestamp":"2022-06-14T09:55:15.120097Z","step_count":119696}}
,
{"carp_header":{"study_id":"Study_Merijn","device_role_name":"masterphone","trigger_id":"18","user_id":"2784","start_time":"2022-06-14T09:55:15.343146Z","data_format":{"namespace":"dk.cachet.carp","name":"pedometer"}},"carp_body":{"id":"16feb2e0-ebc8-11ec-83a4-4f1300753207","timestamp":"2022-06-14T09:55:15.342428Z","step_count":119697}}
,
{"carp_header":{"study_id":"Study_Merijn","device_role_name":"masterphone","trigger_id":"18","user_id":"2784","start_time":"2022-06-14T09:55:15.854956Z","data_format":{"namespace":"dk.cachet.carp","name":"pedometer"}},"carp_body":{"id":"174cd2e0-ebc8-11ec-8ab4-1dc7f6665acf","timestamp":"2022-06-14T09:55:15.854254Z","step_count":119698}}
,
{"carp_header":{"study_id":"Study_Merijn","device_role_name":"masterphone","trigger_id":"18","user_id":"2784","start_time":"2022-06-14T09:55:16.485083Z","data_format":{"namespace":"dk.cachet.carp","name":"pedometer"}},"carp_body":{"id":"17acf440-ebc8-11ec-997e-9d18f7528c2e","timestamp":"2022-06-14T09:55:16.484359Z","step_count":119699}}
,
{"carp_header":{"study_id":"Study_Merijn","device_role_name":"masterphone","trigger_id":"18","user_id":"2784","start_time":"2022-06-14T09:55:17.032387Z","data_format":{"namespace":"dk.cachet.carp","name":"pedometer"}},"carp_body":{"id":"18009280-ebc8-11ec-a9be-3f9a0e861851","timestamp":"2022-06-14T09:55:17.031994Z","step_count":119700}}
,
{"carp_header":{"study_id":"Study_Merijn","device_role_name":"masterphone","trigger_id":"18","user_id":"2784","start_time":"2022-06-14T09:55:17.603322Z","data_format":{"namespace":"dk.cachet.carp","name":"pedometer"}},"carp_body":{"id":"1857b330-ebc8-11ec-9551-97db037b6c38","timestamp":"2022-06-14T09:55:17.602875Z","step_count":119701}}
,
{"carp_header":{"study_id":"Study_Merijn","device_role_name":"masterphone","trigger_id":"15","user_id":"2784","start_time":"2022-06-14T09:55:18.352930Z","data_format":{"namespace":"dk.cachet.carp","name":"screen"}},"carp_body":{"id":"18c9fd00-ebc8-11ec-91d1-9f5ac701776f","timestamp":"2022-06-14T09:55:18.352514Z","screen_event":"SCREEN_OFF"}}
,
{"carp_header":{"study_id":"Study_Merijn","device_role_name":"masterphone","trigger_id":"18","user_id":"2784","start_time":"2022-06-14T09:55:18.402449Z","data_format":{"namespace":"dk.cachet.carp","name":"pedometer"}},"carp_body":{"id":"18d19e20-ebc8-11ec-aaf5-718156d63e01","timestamp":"2022-06-14T09:55:18.402048Z","step_count":119702}}
,
{"carp_header":{"study_id":"Study_Merijn","device_role_name":"masterphone","trigger_id":"18","user_id":"2784","start_time":"2022-06-14T09:55:18.990860Z","data_format":{"namespace":"dk.cachet.carp","name":"pedometer"}},"carp_body":{"id":"192b56e0-ebc8-11ec-bb94-372db6bf1988","timestamp":"2022-06-14T09:55:18.990103Z","step_count":119703}}
,
{"carp_header":{"study_id":"Study_Merijn","device_role_name":"masterphone","trigger_id":"18","user_id":"2784","start_time":"2022-06-14T09:55:19.389366Z","data_format":{"namespace":"dk.cachet.carp","name":"pedometer"}},"carp_body":{"id":"196838d0-ebc8-11ec-9350-bd3488ba87d3","timestamp":"2022-06-14T09:55:19.388989Z","step_count":119704}}
,
{"carp_header":{"study_id":"Study_Merijn","device_role_name":"masterphone","trigger_id":"18","user_id":"2784","start_time":"2022-06-14T09:55:20.058557Z","data_format":{"namespace":"dk.cachet.carp","name":"pedometer"}},"carp_body":{"id":"19ce2690-ebc8-11ec-91ce-9fad1aac0d4c","timestamp":"2022-06-14T09:55:20.057631Z","step_count":119705}}
,
{"carp_header":{"study_id":"Study_Merijn","device_role_name":"masterphone","trigger_id":"18","user_id":"2784","start_time":"2022-06-14T09:55:20.654435Z","data_format":{"namespace":"dk.cachet.carp","name":"pedometer"}},"carp_body":{"id":"1a293ee0-ebc8-11ec-ad62-6306657361ed","timestamp":"2022-06-14T09:55:20.653770Z","step_count":119706}}
,
{"carp_header":{"study_id":"Study_Merijn","device_role_name":"masterphone","trigger_id":"18","user_id":"2784","start_time":"2022-06-14T09:55:21.057265Z","data_format":{"namespace":"dk.cachet.carp","name":"pedometer"}},"carp_body":{"id":"1a669600-ebc8-11ec-a215-61a89bf5bf4b","timestamp":"2022-06-14T09:55:21.056171Z","step_count":119707}}
,
{"carp_header":{"study_id":"Study_Merijn","device_role_name":"masterphone","trigger_id":"18","user_id":"2784","start_time":"2022-06-14T09:55:21.649452Z","data_format":{"namespace":"dk.cachet.carp","name":"pedometer"}},"carp_body":{"id":"1ac11210-ebc8-11ec-8dfc-3307059977c1","timestamp":"2022-06-14T09:55:21.649076Z","step_count":119708}}
,
{"carp_header":{"study_id":"Study_Merijn","device_role_name":"masterphone","trigger_id":"18","user_id":"2784","start_time":"2022-06-14T09:55:22.250362Z","data_format":{"namespace":"dk.cachet.carp","name":"pedometer"}},"carp_body":{"id":"1b1c9f90-ebc8-11ec-b856-d305992dff4d","timestamp":"2022-06-14T09:55:22.249632Z","step_count":119709}}
,
{"carp_header":{"study_id":"Study_Merijn","device_role_name":"masterphone","trigger_id":"18","user_id":"2784","start_time":"2022-06-14T09:55:22.849274Z","data_format":{"namespace":"dk.cachet.carp","name":"pedometer"}},"carp_body":{"id":"1b780600-ebc8-11ec-9448-9fa5bfb66f04","timestamp":"2022-06-14T09:55:22.848320Z","step_count":119710}}
,
{"carp_header":{"study_id":"Study_Merijn","device_role_name":"masterphone","trigger_id":"18","user_id":"2784","start_time":"2022-06-14T09:55:23.445396Z","data_format":{"namespace":"dk.cachet.carp","name":"pedometer"}},"carp_body":{"id":"1bd2f740-ebc8-11ec-bf01-5b31a5fb9c36","timestamp":"2022-06-14T09:55:23.444704Z","step_count":119711}}
,
{"carp_header":{"study_id":"Study_Merijn","device_role_name":"masterphone","trigger_id":"18","user_id":"2784","start_time":"2022-06-14T09:55:23.923764Z","data_format":{"namespace":"dk.cachet.carp","name":"pedometer"}},"carp_body":{"id":"1c1c0e30-ebc8-11ec-a202-b5d346bbffc4","timestamp":"2022-06-14T09:55:23.922399Z","step_count":119712}}
,
{"carp_header":{"study_id":"Study_Merijn","device_role_name":"masterphone","trigger_id":"18","user_id":"2784","start_time":"2022-06-14T09:55:24.518765Z","data_format":{"namespace":"dk.cachet.carp","name":"pedometer"}},"carp_body":{"id":"1c76d860-ebc8-11ec-85da-bb7ed4249f07","timestamp":"2022-06-14T09:55:24.518216Z","step_count":119713}}
,
{"carp_header":{"study_id":"Study_Merijn","device_role_name":"masterphone","trigger_id":"18","user_id":"2784","start_time":"2022-06-14T09:55:25.119080Z","data_format":{"namespace":"dk.cachet.carp","name":"pedometer"}},"carp_body":{"id":"1cd265e0-ebc8-11ec-9c7e-f7fb9310cd8b","timestamp":"2022-06-14T09:55:25.118344Z","step_count":119714}}
,
{"carp_header":{"study_id":"Study_Merijn","device_role_name":"masterphone","trigger_id":"18","user_id":"2784","start_time":"2022-06-14T09:55:25.771926Z","data_format":{"namespace":"dk.cachet.carp","name":"pedometer"}},"carp_body":{"id":"1d3609b0-ebc8-11ec-901a-432f023bd3f6","timestamp":"2022-06-14T09:55:25.771540Z","step_count":119715}}
,
{"carp_header":{"study_id":"Study_Merijn","device_role_name":"masterphone","trigger_id":"18","user_id":"2784","start_time":"2022-06-14T09:55:26.202236Z","data_format":{"namespace":"dk.cachet.carp","name":"pedometer"}},"carp_body":{"id":"1d77a690-ebc8-11ec-b6ad-e3d192dc67a0","timestamp":"2022-06-14T09:55:26.201390Z","step_count":119716}}
,
{"carp_header":{"study_id":"Study_Merijn","device_role_name":"masterphone","trigger_id":"18","user_id":"2784","start_time":"2022-06-14T09:55:26.799603Z","data_format":{"namespace":"dk.cachet.carp","name":"pedometer"}},"carp_body":{"id":"1dd2bee0-ebc8-11ec-a9d6-0fa2ebaaf368","timestamp":"2022-06-14T09:55:26.798347Z","step_count":119717}}
,
{"carp_header":{"study_id":"Study_Merijn","device_role_name":"masterphone","trigger_id":"18","user_id":"2784","start_time":"2022-06-14T09:55:27.593972Z","data_format":{"namespace":"dk.cachet.carp","name":"pedometer"}},"carp_body":{"id":"1e4c0d90-ebc8-11ec-9b9b-9727c378fa5b","timestamp":"2022-06-14T09:55:27.593497Z","step_count":119718}}
,
{"carp_header":{"study_id":"Study_Merijn","device_role_name":"masterphone","trigger_id":"18","user_id":"2784","start_time":"2022-06-14T09:55:27.991790Z","data_format":{"namespace":"dk.cachet.carp","name":"pedometer"}},"carp_body":{"id":"1e88c870-ebc8-11ec-b713-358c32d299d3","timestamp":"2022-06-14T09:55:27.991338Z","step_count":119719}}
,
{"carp_header":{"study_id":"Study_Merijn","device_role_name":"masterphone","trigger_id":"18","user_id":"2784","start_time":"2022-06-14T09:55:28.590247Z","data_format":{"namespace":"dk.cachet.carp","name":"pedometer"}},"carp_body":{"id":"1ee407d0-ebc8-11ec-a2d0-e1b81c9f9dec","timestamp":"2022-06-14T09:55:28.589759Z","step_count":119720}}
,
{"carp_header":{"study_id":"Study_Merijn","device_role_name":"masterphone","trigger_id":"18","user_id":"2784","start_time":"2022-06-14T09:55:29.188766Z","data_format":{"namespace":"dk.cachet.carp","name":"pedometer"}},"carp_body":{"id":"1f3f6e40-ebc8-11ec-89b5-616715c7187a","timestamp":"2022-06-14T09:55:29.188312Z","step_count":119721}}
,
{"carp_header":{"study_id":"Study_Merijn","device_role_name":"masterphone","trigger_id":"18","user_id":"2784","start_time":"2022-06-14T09:55:29.786502Z","data_format":{"namespace":"dk.cachet.carp","name":"pedometer"}},"carp_body":{"id":"1f9aada0-ebc8-11ec-b625-2f0c6f3b9172","timestamp":"2022-06-14T09:55:29.785993Z","step_count":119722}}
,
{"carp_header":{"study_id":"Study_Merijn","device_role_name":"masterphone","trigger_id":"18","user_id":"2784","start_time":"2022-06-14T09:55:30.391685Z","data_format":{"namespace":"dk.cachet.carp","name":"pedometer"}},"carp_body":{"id":"1ff6d760-ebc8-11ec-aa3d-b154923e7df9","timestamp":"2022-06-14T09:55:30.390206Z","step_count":119723}}
,
{"carp_header":{"study_id":"Study_Merijn","device_role_name":"masterphone","trigger_id":"18","user_id":"2784","start_time":"2022-06-14T09:55:30.732768Z","data_format":{"namespace":"dk.cachet.carp","name":"pedometer"}},"carp_body":{"id":"202b06c0-ebc8-11ec-8530-0f56d67287db","timestamp":"2022-06-14T09:55:30.732385Z","step_count":119724}}
,
{"carp_header":{"study_id":"Study_Merijn","device_role_name":"masterphone","trigger_id":"18","user_id":"2784","start_time":"2022-06-14T09:55:31.353143Z","data_format":{"namespace":"dk.cachet.carp","name":"pedometer"}},"carp_body":{"id":"2089a180-ebc8-11ec-8771-6f41ff9dc484","timestamp":"2022-06-14T09:55:31.352538Z","step_count":119725}}
,
{"carp_header":{"study_id":"Study_Merijn","device_role_name":"masterphone","trigger_id":"18","user_id":"2784","start_time":"2022-06-14T09:55:31.950311Z","data_format":{"namespace":"dk.cachet.carp","name":"pedometer"}},"carp_body":{"id":"20e4b9d0-ebc8-11ec-bcc2-3f78ba02df1f","timestamp":"2022-06-14T09:55:31.949744Z","step_count":119726}}
,
{"carp_header":{"study_id":"Study_Merijn","device_role_name":"masterphone","trigger_id":"18","user_id":"2784","start_time":"2022-06-14T09:55:32.748917Z","data_format":{"namespace":"dk.cachet.carp","name":"pedometer"}},"carp_body":{"id":"215ea4c0-ebc8-11ec-9185-d11eef99e0f8","timestamp":"2022-06-14T09:55:32.748449Z","step_count":119727}}
,
{"carp_header":{"study_id":"Study_Merijn","device_role_name":"masterphone","trigger_id":"18","user_id":"2784","start_time":"2022-06-14T09:55:33.054623Z","data_format":{"namespace":"dk.cachet.carp","name":"pedometer"}},"carp_body":{"id":"218d55e0-ebc8-11ec-a0f6-bb68ead5d1a2","timestamp":"2022-06-14T09:55:33.054160Z","step_count":119728}}
,
{"carp_header":{"study_id":"Study_Merijn","device_role_name":"masterphone","trigger_id":"18","user_id":"2784","start_time":"2022-06-14T09:55:33.540027Z","data_format":{"namespace":"dk.cachet.carp","name":"pedometer"}},"carp_body":{"id":"21d75730-ebc8-11ec-8aa1-891ab447996d","timestamp":"2022-06-14T09:55:33.539583Z","step_count":119729}}
,
{"carp_header":{"study_id":"Study_Merijn","device_role_name":"masterphone","trigger_id":"18","user_id":"2784","start_time":"2022-06-14T09:55:34.173246Z","data_format":{"namespace":"dk.cachet.carp","name":"pedometer"}},"carp_body":{"id":"2237edc0-ebc8-11ec-a516-4bb38b678cee","timestamp":"2022-06-14T09:55:34.172764Z","step_count":119730}}
,
{"carp_header":{"study_id":"Study_Merijn","device_role_name":"masterphone","trigger_id":"18","user_id":"2784","start_time":"2022-06-14T09:55:34.777382Z","data_format":{"namespace":"dk.cachet.carp","name":"pedometer"}},"carp_body":{"id":"22941780-ebc8-11ec-8556-1b818e12f110","timestamp":"2022-06-14T09:55:34.776219Z","step_count":119731}}
,
{"carp_header":{"study_id":"Study_Merijn","device_role_name":"masterphone","trigger_id":"18","user_id":"2784","start_time":"2022-06-14T09:55:35.368480Z","data_format":{"namespace":"dk.cachet.carp","name":"pedometer"}},"carp_body":{"id":"22ee6c80-ebc8-11ec-815f-a7686cc4915b","timestamp":"2022-06-14T09:55:35.367923Z","step_count":119732}}
,
{"carp_header":{"study_id":"Study_Merijn","device_role_name":"masterphone","trigger_id":"18","user_id":"2784","start_time":"2022-06-14T09:55:35.974282Z","data_format":{"namespace":"dk.cachet.carp","name":"pedometer"}},"carp_body":{"id":"234abd50-ebc8-11ec-8540-f5a3a4068c98","timestamp":"2022-06-14T09:55:35.973152Z","step_count":119733}}
,
{"carp_header":{"study_id":"Study_Merijn","device_role_name":"masterphone","trigger_id":"18","user_id":"2784","start_time":"2022-06-14T09:55:36.570311Z","data_format":{"namespace":"dk.cachet.carp","name":"pedometer"}},"carp_body":{"id":"23a5ae90-ebc8-11ec-a46c-c94a0db32dd5","timestamp":"2022-06-14T09:55:36.569699Z","step_count":119734}}
,
{"carp_header":{"study_id":"Study_Merijn","device_role_name":"masterphone","trigger_id":"18","user_id":"2784","start_time":"2022-06-14T09:55:37.165066Z","data_format":{"namespace":"dk.cachet.carp","name":"pedometer"}},"carp_body":{"id":"240078c0-ebc8-11ec-a1c1-ff1933ee6bee","timestamp":"2022-06-14T09:55:37.164600Z","step_count":119735}}
,
{"carp_header":{"study_id":"Study_Merijn","device_role_name":"masterphone","trigger_id":"18","user_id":"2784","start_time":"2022-06-14T09:55:37.562468Z","data_format":{"namespace":"dk.cachet.carp","name":"pedometer"}},"carp_body":{"id":"243d33a0-ebc8-11ec-bdac-e5168ba838cf","timestamp":"2022-06-14T09:55:37.561968Z","step_count":119736}}
,
{"carp_header":{"study_id":"Study_Merijn","device_role_name":"masterphone","trigger_id":"18","user_id":"2784","start_time":"2022-06-14T09:55:38.163457Z","data_format":{"namespace":"dk.cachet.carp","name":"pedometer"}},"carp_body":{"id":"2498e830-ebc8-11ec-a4b8-cf83cba1e3f7","timestamp":"2022-06-14T09:55:38.162596Z","step_count":119737}}
,
{"carp_header":{"study_id":"Study_Merijn","device_role_name":"masterphone","trigger_id":"18","user_id":"2784","start_time":"2022-06-14T09:55:38.710733Z","data_format":{"namespace":"dk.cachet.carp","name":"pedometer"}},"carp_body":{"id":"24ec5f60-ebc8-11ec-af58-794817fd71bf","timestamp":"2022-06-14T09:55:38.710261Z","step_count":119738}}
,
{"carp_header":{"study_id":"Study_Merijn","device_role_name":"masterphone","trigger_id":"18","user_id":"2784","start_time":"2022-06-14T09:55:39.330685Z","data_format":{"namespace":"dk.cachet.carp","name":"pedometer"}},"carp_body":{"id":"254afa20-ebc8-11ec-aa37-714e963d3c55","timestamp":"2022-06-14T09:55:39.329742Z","step_count":119739}}
,
{"carp_header":{"study_id":"Study_Merijn","device_role_name":"masterphone","trigger_id":"18","user_id":"2784","start_time":"2022-06-14T09:55:40.328318Z","data_format":{"namespace":"dk.cachet.carp","name":"pedometer"}},"carp_body":{"id":"25e31b70-ebc8-11ec-ba28-658a6e5ef662","timestamp":"2022-06-14T09:55:40.327211Z","step_count":119740}}
,
{"carp_header":{"study_id":"Study_Merijn","device_role_name":"masterphone","trigger_id":"18","user_id":"2784","start_time":"2022-06-14T09:55:40.725192Z","data_format":{"namespace":"dk.cachet.carp","name":"pedometer"}},"carp_body":{"id":"261faf40-ebc8-11ec-b8e1-537b4a601970","timestamp":"2022-06-14T09:55:40.724473Z","step_count":119741}}
,
{"carp_header":{"study_id":"Study_Merijn","device_role_name":"masterphone","trigger_id":"18","user_id":"2784","start_time":"2022-06-14T09:55:41.329078Z","data_format":{"namespace":"dk.cachet.carp","name":"pedometer"}},"carp_body":{"id":"267bd900-ebc8-11ec-a09f-7fb8ac0a76fa","timestamp":"2022-06-14T09:55:41.328228Z","step_count":119742}}
,
{"carp_header":{"study_id":"Study_Merijn","device_role_name":"masterphone","trigger_id":"18","user_id":"2784","start_time":"2022-06-14T09:55:41.927136Z","data_format":{"namespace":"dk.cachet.carp","name":"pedometer"}},"carp_body":{"id":"26d71860-ebc8-11ec-8ed9-c515e879e235","timestamp":"2022-06-14T09:55:41.925573Z","step_count":119743}}
,
{"carp_header":{"study_id":"Study_Merijn","device_role_name":"masterphone","trigger_id":"18","user_id":"2784","start_time":"2022-06-14T09:55:42.562680Z","data_format":{"namespace":"dk.cachet.carp","name":"pedometer"}},"carp_body":{"id":"27382420-ebc8-11ec-a863-b10545981c56","timestamp":"2022-06-14T09:55:42.561770Z","step_count":119744}}
,
{"carp_header":{"study_id":"Study_Merijn","device_role_name":"masterphone","trigger_id":"18","user_id":"2784","start_time":"2022-06-14T09:55:43.093657Z","data_format":{"namespace":"dk.cachet.carp","name":"pedometer"}},"carp_body":{"id":"27892a50-ebc8-11ec-a6bf-c7efb1ea3ee4","timestamp":"2022-06-14T09:55:43.092861Z","step_count":119745}}
,
{"carp_header":{"study_id":"Study_Merijn","device_role_name":"masterphone","trigger_id":"18","user_id":"2784","start_time":"2022-06-14T09:55:43.738005Z","data_format":{"namespace":"dk.cachet.carp","name":"pedometer"}},"carp_body":{"id":"27eb6e90-ebc8-11ec-b545-e95dc673e2ce","timestamp":"2022-06-14T09:55:43.737067Z","step_count":119746}}
,
{"carp_header":{"study_id":"Study_Merijn","device_role_name":"masterphone","trigger_id":"18","user_id":"2784","start_time":"2022-06-14T09:55:44.235915Z","data_format":{"namespace":"dk.cachet.carp","name":"pedometer"}},"carp_body":{"id":"28376bb0-ebc8-11ec-98c8-7b3231049ad6","timestamp":"2022-06-14T09:55:44.235490Z","step_count":119747}}
,
{"carp_header":{"study_id":"Study_Merijn","device_role_name":"masterphone","trigger_id":"18","user_id":"2784","start_time":"2022-06-14T09:55:44.799628Z","data_format":{"namespace":"dk.cachet.carp","name":"pedometer"}},"carp_body":{"id":"288d7af0-ebc8-11ec-8d70-ef7d9c889b21","timestamp":"2022-06-14T09:55:44.799181Z","step_count":119748}}
,
{"carp_header":{"study_id":"Study_Merijn","device_role_name":"masterphone","trigger_id":"18","user_id":"2784","start_time":"2022-06-14T09:55:45.488882Z","data_format":{"namespace":"dk.cachet.carp","name":"pedometer"}},"carp_body":{"id":"28f69d00-ebc8-11ec-bbae-7dfe987cd56a","timestamp":"2022-06-14T09:55:45.488417Z","step_count":119749}}
,
{"carp_header":{"study_id":"Study_Merijn","device_role_name":"masterphone","trigger_id":"18","user_id":"2784","start_time":"2022-06-14T09:55:47.036444Z","data_format":{"namespace":"dk.cachet.carp","name":"pedometer"}},"carp_body":{"id":"29e2d1c0-ebc8-11ec-9b86-e5ee6f414b76","timestamp":"2022-06-14T09:55:47.036095Z","step_count":119750}}
,
{"carp_header":{"study_id":"Study_Merijn","device_role_name":"masterphone","trigger_id":"18","user_id":"2784","start_time":"2022-06-14T09:55:47.041836Z","data_format":{"namespace":"dk.cachet.carp","name":"pedometer"}},"carp_body":{"id":"29e39510-ebc8-11ec-aae4-fdcd3d0a3ca0","timestamp":"2022-06-14T09:55:47.041497Z","step_count":119751}}
,
{"carp_header":{"study_id":"Study_Merijn","device_role_name":"masterphone","trigger_id":"18","user_id":"2784","start_time":"2022-06-14T09:55:47.255964Z","data_format":{"namespace":"dk.cachet.carp","name":"pedometer"}},"carp_body":{"id":"2a043c70-ebc8-11ec-9d03-21b7587ad00f","timestamp":"2022-06-14T09:55:47.255500Z","step_count":119752}}
,
{"carp_header":{"study_id":"Study_Merijn","device_role_name":"masterphone","trigger_id":"18","user_id":"2784","start_time":"2022-06-14T09:55:49.509350Z","data_format":{"namespace":"dk.cachet.carp","name":"pedometer"}},"carp_body":{"id":"2b5c2b50-ebc8-11ec-bafc-fd976bed57fa","timestamp":"2022-06-14T09:55:49.508957Z","step_count":119753}}
,
{"carp_header":{"study_id":"Study_Merijn","device_role_name":"masterphone","trigger_id":"18","user_id":"2784","start_time":"2022-06-14T09:55:49.511483Z","data_format":{"namespace":"dk.cachet.carp","name":"pedometer"}},"carp_body":{"id":"2b5c7970-ebc8-11ec-ba4f-ef047ba21b6e","timestamp":"2022-06-14T09:55:49.511273Z","step_count":119754}}
,
{"carp_header":{"study_id":"Study_Merijn","device_role_name":"masterphone","trigger_id":"18","user_id":"2784","start_time":"2022-06-14T09:55:49.513275Z","data_format":{"namespace":"dk.cachet.carp","name":"pedometer"}},"carp_body":{"id":"2b5cc790-ebc8-11ec-8a9a-ef5133a53400","timestamp":"2022-06-14T09:55:49.513090Z","step_count":119755}}
,
{"carp_header":{"study_id":"Study_Merijn","device_role_name":"masterphone","trigger_id":"18","user_id":"2784","start_time":"2022-06-14T09:55:49.514939Z","data_format":{"namespace":"dk.cachet.carp","name":"pedometer"}},"carp_body":{"id":"2b5ceea0-ebc8-11ec-a20b-9bdb01714824","timestamp":"2022-06-14T09:55:49.514469Z","step_count":119756}}
,
{"carp_header":{"study_id":"Study_Merijn","device_role_name":"masterphone","trigger_id":"18","user_id":"2784","start_time":"2022-06-14T09:55:49.926528Z","data_format":{"namespace":"dk.cachet.carp","name":"pedometer"}},"carp_body":{"id":"2b9bcc60-ebc8-11ec-a62a-3fbae812709e","timestamp":"2022-06-14T09:55:49.926075Z","step_count":119757}}
,
{"carp_header":{"study_id":"Study_Merijn","device_role_name":"masterphone","trigger_id":"18","user_id":"2784","start_time":"2022-06-14T09:55:50.637250Z","data_format":{"namespace":"dk.cachet.carp","name":"pedometer"}},"carp_body":{"id":"2c0849d0-ebc8-11ec-a885-c1372da6847e","timestamp":"2022-06-14T09:55:50.636874Z","step_count":119758}}
,
{"carp_header":{"study_id":"Study_Merijn","device_role_name":"masterphone","trigger_id":"18","user_id":"2784","start_time":"2022-06-14T09:55:51.250376Z","data_format":{"namespace":"dk.cachet.carp","name":"pedometer"}},"carp_body":{"id":"2c65d320-ebc8-11ec-a8a9-4121e534a3e2","timestamp":"2022-06-14T09:55:51.250010Z","step_count":119759}}
,
