[
{"carp_header":{"study_id":"Study_Merijn","device_role_name":"masterphone","trigger_id":"1","user_id":"2784","start_time":"2022-06-14T09:14:51.653034Z","data_format":{"namespace":"dk.cachet.carp","name":"app_usage"}},"carp_body":{"id":"725cf440-ebc2-11ec-a1f2-fd0c189c7023","timestamp":"2022-06-14T09:14:51.651989Z","start":"2022-06-14T08:44:51.580187Z","end":"2022-06-14T09:14:51.580293Z","usage":{"chess":4,"fiverr":11,"launcher":4252,"android":8,"clockpackage":255,"discord":91,"googlequicksearchbox":13,"musically":797,"galaxyfinder":7,"b2cmobapp":66,"calendar":149,"browser":360,"securesms":90,"outlook":18,"vending":175,"chrome":213,"youtube":16,"authenticator":93,"frontpage":302,"whatsapp":1668,"samsungapps":40,"shop":54,"gm":650,"coingeckoapp":3}}}
,
{"carp_header":{"study_id":"Study_Merijn","device_role_name":"masterphone","trigger_id":"0","user_id":"2784","start_time":"2022-06-14T09:14:51.809461Z","data_format":{"namespace":"dk.cachet.carp","name":"location"}},"carp_body":{"id":"7274c200-ebc2-11ec-92b6-f16f0d8ed646","timestamp":"2022-06-14T09:14:51.808354Z","time":"2022-06-14T11:14:03.210","latitude":50.8755721,"longitude":4.7076392,"altitude":81.4000015258789,"accuracy":16.038000106811523,"speed":0.0,"speed_accuracy":0.0,"heading":0.0}}
,
{}]
